{
  "alfredsnippet" : {
    "snippet" : "#pragma comment(linker, \"\/STACK:1024000000,1024000000\")\n#include <cstdio>\n#include <string>\n#include <cstdlib>\n#include <cmath>\n#include <iostream>\n#include <cstring>\n#include <set>\n#include <queue>\n#include <algorithm>\n#include <vector>\n#include <map>\n#include <cctype>\n#include <ctime>\n#include <stack>\n#include <sstream>\n#include <list>\n#include <assert.h>\n#include <bitset>\n#include <numeric>\n#include <unordered_map>\n#include <unordered_set>\n#define debug() puts(\"++++\")\n#define print(x) cout<<\"====== \"<<(x)<<\" =====\"<<endl;\n\/\/ #define gcd(a, b) __gcd(a, b)\n#define lson l,m,rt<<1\n#define rson m+1,r,rt<<1|1\n#define fi first\n#define se second\n#define pb emplace_back\n#define sqr(x) ((x)*(x))\n#define ms(a,b) memset(a, b, sizeof a)\n#define _mod(x) ((x) % mod + mod) % mod\n#define ls(t, v) t[t.size()-1] = (v)\n#define gls(t) t[t.size()-1]\n#define es(it) erase(it)\n#define rs(n) resize(n)\n#define sz size()\n#define be begin()\n#define ed end()\n#define rbe rbegin()\n#define red rend()\n#define bk back()\n#define et empty()\n#define ft front()\n#define tp top()\n#define pp pop()\n#define ps push\n#define ist insert\n#define uset unordered_set\n#define umap unordered_map\n#define pu push_up\n#define pd push_down\n#define cl clear()\n#define lowbit(x) -x&x\n\/\/ #define all 1,n,1\n#define FOR(i,n,x)  for(int i = (x); i < (n); ++i)\n#define freopenr freopen(\"in.in\", \"r\", stdin)\n#define freopenw freopen(\"out.out\", \"w\", stdout)\nusing namespace std;\n\ntypedef long long LL;\ntypedef unsigned long long ULL;\ntypedef pair<int, int> P;\nconst int INF = 0x3f3f3f3f;\nconst LL LNF = 1e17;\nconst double inf = 1e20;\nconst double PI = acos(-1.0);\nconst double eps = 1e-12;\nconst int maxn = 100000 + 7;\nconst int maxm = 3000 + 7;\nconst LL mod = 1e9 + 7;\nconst int dr[] = {-1, 1, 0, 0, 1, 1, -1, -1};\nconst int dc[] = {0, 0, 1, -1, 1, -1, 1, -1};\nint n, m;\n\ninline bool is_in(int r, int c) {\n  return r >= 0 && r < n && c >= 0 && c < m;\n}\n",
    "uid" : "ABF80982-D719-40AC-86A4-990147E4E0BD",
    "name" : "code",
    "keyword" : "code"
  }
}