{
	"data":
	[
		{
			"id": 241,
			"answer": "B",
			"explain": "本题中，beyond的意思是\"在(到)….较远的一边，超过，那一边\"。四个选项中，in addition to的意思是“除……之外”;as for的意思是“至于”;along with的意思是“连……一起”:in relation to的意思是“涉及，与……相比\"。"
		},
		{
			"id": 242,
			"answer": "C",
			"explain": "本题中，eliminate的意思是“排除，消除”。四个选项中，remove的意思是“移动，排除”，如:Yesterday my husband removed the gate and Rex got so annoyed we have not seen him since. (昨天，我丈夫把大门拆掉了，雷克斯很生气，以致此后我们再也见不到他了)。reduce的意思是“减少，还原”;exchanged的意思是“交换，交流”;exhibit的意思是“展示”。"
		},
		{
			"id": 243,
			"answer": "B",
			"explain": "本题中，reasonably的意思是“适度地，相当地”。四个选项中，rather的意思是“相当，有点，宁愿\"，如:You have done rather well. (你做得相当不错)。within reason的意思是“有理由，合乎情理”;beyond doubt的意思是“无疑地”;doubly的意思是“两倍地”。"
		},
		{
			"id": 244,
			"answer": "D",
			"explain": "本题中，contemplated的意思是“凝视，沉思，预期，企图\"。四个选项中，thought deeply about的意思是“深思”;succeeded in的意思是“在……方面成功”;decided against的意思是“不赞成做某事”;went on with的意思是“伴随”。"
		},
		{
			"id": 245,
			"answer": "B",
			"explain": "本题中，assurance的意思是“ 确信，断言，保证，担保”。四个选项中，confidence的意思是“信心”，如:We have full confidence that we shall succeed.(我们完全有把握取得成功)。insurance的意思是“保险(业)”;reluctance的意思是“勉强”:independence的意思是“独立”。"
		},
		{
			"id": 246,
			"answer": "C",
			"explain": "本题中，cried out for的意思是“迫切需要”。四个选项中，needed very much的意思是“非常需要”:tried hard to find的意思是“努力找到”:called loudly的意思是“大声喊”;asked earnestly for的意思是“热切请求”。"
		},
		{
			"id": 247,
			"answer": "D",
			"explain": "本题中，exquisite的意思是“优美的，高雅的，精致的”。四个选项中，very lovely的意思是“精致的，漂亮的”;rather strange的意思是“相当奇怪的”;pretty cheap的意思是“非常便宜的”;utterly worthless的意思是“毫无价值的”。"
		},
		{
			"id": 248,
			"answer": "D",
			"explain": "本题中，assessment 的意思是“评价，评定，评估”。四个选项中，judgment 的意思是“判断”。如:In her judgment，we should not change our plans.(照她看来，我们不应改变我们的计划)。comprehension的意思是“理解”;recommendation的意思是“推荐，劝告，建议\":admiration的意思是“钦佩，赞美\"。"
		},
		{
			"id": 249,
			"answer": "D",
			"explain": "本题空格处意为“我们对微不足道的违规可以忽略不计”。neglect的意思是“忽略，忽视”，如:If you neglect this property it will depreciate. (如果你忽视这份资产，它无形中就贬值了)。exceed的意思是“超出，超过”;wither的意思是“枯萎，衰退，使枯萎，使衰退”;overpass的意思是“胜过，通过，忽视”。"
		},
		{
			"id": 250,
			"answer": "B",
			"explain": "本题意为“我们正在讨论住房问题，这时一个中年男子插话了:'讨论不可能的事情是毫无意义的。\"interject意思是“插嘴”;intersect意思是“相交，交叉”;penetrate意思是“穿透，渗透，洞察”;adulterate意思是“掺杂”。"
		},
		{
			"id": 251,
			"answer": "B",
			"explain": "本题中，underlying的意思是“在下面的，根本的，潜在的”。四个选项中。fundamental的意思是“基础的，根本的”，如:a fundamental difference between their aims(他们目标的根本差异)。operational的意思是“操作的”;operating的意思是“运行的，操作的”;underneath的意思是“下面的”。只有B项符合题意。"
		},
		{
			"id": 252,
			"answer": "D",
			"explain": "本题中，enhanced的意思是“提高，增强”。四个选项中，increased的意思是“增强的”，如:My wages have increased this year(我的工资今年增加了)。appreciated的意思是“感激”:encouraged的意思是“受到鼓励”;frustrated的意思是“沮丧的”。"
		},
		{
			"id": 253,
			"answer": "A",
			"explain": "本题中，Initially的意思是“最初，开头”。四个选项中，Atfirst的意思是“最初”，如:The minister at first declined to make any comments on the dispute between the two nations but later she agreed(部长起初拒绝对两国间的争端发表任何评论，但后来她同意了)。First of all的意思是“首先”;At first sight的意思是“首先”;from the first的意思是“从头，自始”。"
		},
		{
			"id": 254,
			"answer": "C",
			"explain": "本题中，highlighted的意思是“突出的”。四个选项中，made prominent的意思是“突出的”;accounted for的意思是“说明，解决”;worked out的意思是“可以解决，计算出，消耗完”;taken for granted的意思是“认为理所当然”。"
		},
		{
			"id": 255,
			"answer": "C",
			"explain": "本题中，findings的意思是“发现，发现物，决定”。四个选项中，results of an enquiry的意思是“调查的结果”;things that are found的意思是“发现”;decisions的意思是“决定”;files的意思是“文档”。"
		},
		{
			"id": 256,
			"answer": "C",
			"explain": "本题意为“在中国北方的一些城市，噪声污染像东京一样显著”。conspicuous的意思是“显著的”，如: She's always conspicuous because of her bright clothes and queer hair style. (因为她衣着鲜艳，发型古怪，所以总是惹人注目)。contemptuous的意思是“轻蔑的，污辱的”;contagious的意思是“传染性的，会感染的”;contemplated的意思是“预期的”。"
		},
		{
			"id": 257,
			"answer": "D",
			"explain": "本题中，bound up with的意思是“与…有密切联系;与..利益一致”。四个选项中，closely related to的意思是“与……密切相关”;in accordance with的意思是“与………一致，依照”;consistent with的意思是“符合”;independent of的意思是“不依赖于……”。"
		},
		{
			"id": 258,
			"answer": "D",
			"explain": "本题中，mainstay的意思是“支柱，中流砥柱\"。四个选项中，main support的意思是“主要支柱”;rich resources的意思是“丰富资源”;primary concern的意思是“基本关注”:only source的意思是“唯一来源”。"
		},
		{
			"id": 259,
			"answer": "D",
			"explain": "本题中，shady的意思是“成荫的，多荫的，阴暗的\"。四个选项中，dishonest的意思是“不正当的”，如:get money by dishonest means(非法赚钱，得不义之财)。profitable的意思是“有利可图的”;comfortable的意思是“舒适的”;honorable的意思是“值得尊敬的”。"
		},
		{
			"id": 260,
			"answer": "C",
			"explain": "本题中，meticulous的意思是“小心翼翼的”。四个选项中，very careful的意思是“小心翼翼的”;rather casual的意思是“相当随意的”;pretty slow的意思是“很慢的”; really considerate的意思是“非常周到的”。"
		},
		{
			"id": 261,
			"answer": "A",
			"explain": "本题中drafted的意思是“起草征兵，制定”。四个选项中，enlisted的意思是“被征兵”，如:According to the law a young man should enlist when heis18(根据法律规定青年人年满十八岁必须参军)。mobilized的意思是“被动员”;approved的意思是“经许可的”;attracted的意思是“受吸引的”。"
		},
		{
			"id": 262,
			"answer": "D",
			"explain": "本题中，skipped的意思是“跳读，遗漏，跳跃”。四个选项中，passed over的意思是“忽略，省略”;thought badly of的意思是“努力想”;went over的意思是“复习，转变”;went through的意思是“经过，仔细检查”"
		},
		{
			"id": 263,
			"answer": "C",
			"explain": "本题中，transient的意思是“ 短暂的，瞬时的\"。四个选项中，passing quickly的意思是“短暂的”;beyond description的意思是“无法描述的”;unnoticed的意思是“不引人注意的”;vague的意思是“模糊的”。只有C项符合题意。"
		},
		{
			"id": 264,
			"answer": "B",
			"explain": "本题中，indisputably的意思是“无争论余地地”。四个选项中，unquestionably的意思是“无疑地，无可非议地\";indispensably的意思是“不可缺少地”; disreputably的意思是“不受好评地”; consequently的意思是“从而，因此”。"
		},
		{
			"id": 265,
			"answer": "A",
			"explain": "本题中，exploration的意思是“探险，勘探，探测”。四个选项中，probing的意思是“探测术”;revenge的意思是“报仇，复仇”;invasion的意思是“入侵”:expansion的意思是“展，开展，膨胀”。"
		},
		{
			"id": 266,
			"answer": "B",
			"explain": "本题中，dreadful的意思是“可怕的，讨厌的”。四个选项中，fearful的意思是“可怕的，吓人的\"，如:The boss was fearful of his secretary's anger(老板很怕他的秘书生气)。incurable的意思是“不能治愈的”;impossible的意思是“不可能的，难以忍受的”;troublesome的意思是“麻烦的，讨厌的，棘手的”。"
		},
		{
			"id": 267,
			"answer": "C",
			"explain": "本题中，fruitfully的意思是“产量多地，肥沃地”。四个选项中，productively的意思是“有结果地，有成果地”;blindly的意思是“盲目地，摸索地”;completely的意思是“十分地，完全地”;carefully的意思是“小心地，谨慎地”。"
		},
		{
			"id": 268,
			"answer": "A",
			"explain": "本题中，obstinate的意思是“倔强的，顽固的”。四个选项中，inflexible的意思是“不屈不挠的，顽固的”，如:inflexible courage(不屈不挠的勇气)。alert的意思是“堤防的，警惕的;wise的意思是”英明的，明智的;talented的意思是“有才能的”。"
		},
		{
			"id": 269,
			"answer": "A",
			"explain": "本题中，inhabitant的意思是“居民”。四个选项中，residents的意思是“居民”，如:City residents complain that migrant workers have threatened to take already scarce urban jobs. (城市居民抱怨民工威胁着本来已很紧张的城市就业机会)。pets的意思是“动物照片”:intimates的意思是“亲密伙伴”:creatures的意思是“人，动物，傀儡”"
		},
		{
			"id": 270,
			"answer": "A",
			"explain": "本题中，modify的意思是“修改，更改”。四个选项中，change的意思是“改变，变化，转变”，如:You will see many changes in the village since last year.(你会看见自去年以来村里发生的变化)。abort的意思是“异常中断，中途夭折”;shorten的意思是“缩短”;enhance的意思是“提高，增强”"
		},
		{
			"id": 271,
			"answer": "B",
			"explain": "本题中，discipline的意思是“纪律”。四个选项中，regulation的意思是“规则，规章”:The rules and regulations should be made to be manifest to all staff(规章制度应该让全体员工都明白)。punishment的意思是“惩罚，处罚”;unemployment的意思是“失业，失业人数”;salary的意思是“薪水”。"
		},
		{
			"id": 272,
			"answer": "C",
			"explain": "本题中，inundation的意思是“洪水”。四个选项中，overflow of water的意思是“洪水”; much inconvenience的意思是“很不方便”;serious concern的意思是“众所瞩目”; human misery的意思是“灾害，痛苦\""
		},
		{
			"id": 273,
			"answer": "A",
			"explain": "本题中，reconcile的意思是“使和谐”。四个选项中，settle的意思是“安放，定居，使平静”，如:Wait until the excitement has settled down(等到兴奋的情绪镇静下来再说)。arrange的意思是“安排，协商”;balance的意思是“权衡，对比”;pacify的意思是“安慰，抚慰”。"
		},
		{
			"id": 274,
			"answer": "A",
			"explain": "本题中，curse的意思是“诅咒，咒语，祸根，祸因”与划线词anathema“诅咒，咒逐”的意思相吻合，如:Our tribe is under a curse(我们的部落正受诅咒)，故选A。coup的意思“出乎意料的行动;策略”;spume的意思是“泡沫”;sinew的意思是“精力:体力”，均与划线词意思不一致。"
		},
		{
			"id": 275,
			"answer": "A",
			"explain": "本题中，frustrate的意思是“挫败，阻挠”。四个选项中，baffle的意思是“困惑，阻碍”，如:This puzzle baffles me(这个谜使我困惑不解)。worry的意思是“烦恼，担忧”; alarm的意思是“恐吓，警告”;cultivate的意思是“培养，耕作”。"
		},
		{
			"id": 276,
			"answer": "C",
			"explain": "本题中，exceedingly的意思是“非常地，极度地”。四个选项中，extremely的意思是“极端地，非常地”，如:I'm extremely sorry.(我非常抱歉)。almost的意思是“几乎，差不多:successfully的意思是\"顺利地，成功地;rarely的意思是“很少地，罕见地”"
		},
		{
			"id": 277,
			"answer": "B",
			"explain": "本题中，envelope的意思是“封袋，包膜”。四个选项中，surround的意思是“包围，环绕”，如:The fence surrounds the school(篱笆环绕着学校)。confine的意思是“限制”;darken的意思是“使变暗”;block的意思是“封锁，阻塞”。"
		},
		{
			"id": 278,
			"answer": "A",
			"explain": "本题中，identify的意思是“识别，鉴别”。四个选项中，recognize的意思是“认可，承认”如:recognize this new government(承认这个新政府)。prove的意思是“证明，检验”;get rid of的意思是“消除”;multiply的意思是“繁殖，增加”。"
		},
		{
			"id": 279,
			"answer": "D",
			"explain": "本题中，comprehensive的意思是“全面的，广泛的”。四个选项中，extensive的意思是“广大的，广阔的”，如:The school has extensive playing fields(这个学校有宽阔的活动场地)。brief的意思是“简短的，短暂的”;precise的意思是“精确的，准确的”;simplified的意思是“单一的，简单的”。"
		},
		{
			"id": 280,
			"answer": "D",
			"explain": "本题中，environment的意思是“环境，外界”。四个选项中，surroundings的意思是“环境”，如:The house is in beautiful surroundings这座房屋四周的环境优美)。relative的意思是“亲戚”;education的意思是“教育，培养”;nationality的意思是“国籍。国家，民族”。"
		},
		{
			"id": 281,
			"answer": "A",
			"explain": "本题中，come by的意思是“来临，达到”。四个选项中，obtain的意思是“达到，得到” ，如:He obtained a knowledge of Latin(他学会了拉丁文)。explain的意思是“解释，说明”:understand的意思是“懂，了解”;discern的意思是“目睹，认识”。"
		},
		{
			"id": 282,
			"answer": "C",
			"explain": "本题中，onerous的意思是“繁重的，费力的”。四个选项中，burdensome的意思是“繁重的，累人的\"，如:a burdensome task(一项艰巨的任务)。multiple的意思是“多样的”;unjust的意思是“不公正的”;infamous的意思是“声名狼藉的”。"
		},
		{
			"id": 283,
			"answer": "B",
			"explain": "本题中，nastiness的意思是“污秽，不洁”。四个选项中，unpleasantness的意思是“杀风景的事，不愉快的事”;arbitrariness的意思是“霸道，恣意”;severity的意思是“严肃，严格”;aloofness的意思是“超然的态度”。"
		},
		{
			"id": 284,
			"answer": "C",
			"explain": "本题中，alien的意思是“外来的，不同的”。四个选项中，foreign的意思是“外国的，异质的”如:a foreign object in the eye(眼睛中的异物)。insane的意思是“患精神病的，极度愚蠢的”;infectious的意思是“有传染性的，易感染的”。"
		},
		{
			"id": 285,
			"answer": "A",
			"explain": "本题中，differentiate的意思是“区别，区分”。四个选项中，distinguish的意思是“区别，辨别”，如:Can you distinguish the different musical instruments playing now? (你能区分出正在演奏的各种不同的乐器吗?)estrange的意思是“疏远”;defer的意思是“推迟，延期”;enlarge的意思是“扩大，放大”。"
		},
		{
			"id": 286,
			"answer": "D",
			"explain": "本题中，stand-ins的意思是“替代品”。四个选项中，substitute的意思是“替身，替代品\"，如:use plastics as a substitute for steel(用塑料做钢的代用品)。partner的意思是“合伙人，股东”;role-model的意思是“典型”;stand-by的意思是“后备人员”。"
		},
		{
			"id": 287,
			"answer": "B",
			"explain": "本题中，account for的意思是“解释”。四个选项中，explain的意思是“解释”，如:The price tag says $100 and you charged me for $120;how do you explain the discrepancy?(货物标签上写的是一百美元，你向我索价一百二十美元，这个差异该怎么解释?)。are caused by的意思是“由……引起”;derive from的意思是“源自”;constitute的意思是“制订，组成”。"
		},
		{
			"id": 288,
			"answer": "D",
			"explain": "本题中，crafty的意思是“狡诈的，诡计多端的”。四个选项中，cunning的意思是“狡猾的，巧妙的”，如:as cunning as a fox(像狐狸一样狡猾)。vain的意思是“徒劳的，空虚的\";virtuous的意思是“善良的，纯洁的”;artistic的意思是“艺术的，有美感的”。"
		},
		{
			"id": 289,
			"answer": "B",
			"explain": "本题中，chauffeur的意思是“司机”。四个选项中，driver的意思是“驾驶员”; valet的意思是“贴身男仆”;secretary的意思是“秘书”;servant的意思是“仆人”。"
		},
		{
			"id": 290,
			"answer": "C",
			"explain": "本题中，wary的意思是“机警的”。四个选项中，cautious的意思是“谨慎的。小心的”，如:The schoolboys are more cautious not to make any mistakes in spelling than ever before. (男学生们在拼写时比以前更加小心，以避免发生错误)。bellicose的意思是“好战的，好斗的”;exhausted的意思是“耗尽的，疲惫的”;strange的意思是“生疏的。陌生的”。"
		},
		{
			"id": 291,
			"answer": "B",
			"explain": "本题中，plain的意思是“朴素的，无光彩的”。四个选项中，dull的意思是“阴暗的”，如:a dull brown color(暗棕色)。spectacular的意思是“壮观的”;flat的意思是“平的”;melancholy的意思是“忧郁的”"
		},
		{
			"id": 292,
			"answer": "D",
			"explain": "本题中，preclude的意思是“排除”。四个选项中，prevent的意思是“防止，预防\"，如:It is the job of the police to prevent crime. (防止犯罪是警察的职责)。presage的意思是“预示”:prejudice的意思是“损害”:anticipate的意思是“预定，预见”"
		},
		{
			"id": 293,
			"answer": "A",
			"explain": "本题中，token的意思是“象征，记号”。四个选项中，symbol的意思是“符号，记号，象征\"，如:White is the symbol of purity. (白是纯洁的象征)。amount的意思是“数量”:thing的意思是“东西，事情”;investment的意思是“投资”。"
		},
		{
			"id": 294,
			"answer": "C",
			"explain": "本题中，adverse的意思是“敌对的，相反的”四个选项中，unfavorable的意思是“令人不快的，不顺利的\"，如:an unfavorable reaction to our proposal(对我们建议的相反的反应)。additional的意思是“附加的，额外的”;encouraging的意思是“奖励的\":subversive的意思是“颠覆性的，破坏性的”。"
		},
		{
			"id": 295,
			"answer": "B",
			"explain": "本题中，jam的意思是“堵塞”。四个选项中，congestion的意思是“拥塞”，如:In many big cities, congestion in the rush hour is so serious that taking a bus proves a dreaded ordeal. (在许多大城市里，高峰时的交通非常拥挤，这时乘公共汽车真是一场可怕的经历)。confession的意思是“供认，承认”;digestion的意思是“消化力，领悟” exhaustion的意思是“耗尽，枯遏”。"
		},
		{
			"id": 296,
			"answer": "D",
			"explain": "本题中，as yet的意思是“迄今为止”。四个选项中，so far的意思是“至今”though的意思是“虽然，尽管\";in spite of this的意思是“尽管”;even的意思是“甚至”。"
		},
		{
			"id": 297,
			"answer": "B",
			"explain": "本题中，insight into的意思是“洞察，有一定深度的认知了解”。四个选项中，knowledge of的意思是“……的知识、学问”;如:She has a good knowledge of London(她对伦敦的情形很熟悉)。Cleverness of的意思是“……的聪明才智”;prediction of的意思是“……的预言”;perception of的意思是“……的理解、感知，侧重由感官获得的认知了解，比较肤浅”。"
		},
		{
			"id": 298,
			"answer": "A",
			"explain": "本题中，carryout的意思是“实施”。四个选项中，implement的意思是“贯彻，实现”，如:implement one's ideas(实施某人的设想)。compliment的意思是“称赞，恭维”;supplement的意思是“补充”;complement的意思是“补助，补足”。"
		},
		{
			"id": 299,
			"answer": "C",
			"explain": "本题中，exclude的意思是“拒绝接纳，把……排除在外”。四个选项中，insulated的意思是“隔绝，绝缘”，如:The royal family is insulated from many of the difficulties faced by ordinary people(王室人员都无需应付平民所面临的许多困难)。enveloped的意思是“封住，包住\";protected的意思是“保护”;subtracted的意思是“减去”。"
		},
		{
			"id": 300,
			"answer": "A",
			"explain": "本题中，initiate的意思是“开始，发动”。四个选项中，institute的意思是“创立，开始\"，如:institute an inquiry into(开始调查)。constitute的意思是“制定(法律)，组成”;prosecute的意思是“实行，告发”;distribute的意思是“分布”。"
		},
		{
			"id": 301,
			"answer": "A",
			"explain": "本题中，fulfillment的意思是“实行，履行”。四个选项中，execution的意思是“实行，完成”;excursion的意思是“远足，游览”;expansion的意思是“扩充”;extinction的意思是“消灭，废止”。"
		},
		{
			"id": 302,
			"answer": "A",
			"explain": "本题中，bully的意思是“威吓，恐吓”。四个选项中，intimidate的意思是“胁迫”，如:He said he would never be intimidated by big names and authorities. (他说他决不会被名人、权威所吓倒)。integrate的意思是“使成整体”;ridicule的意思是“嘲笑”;humiliate的意思是“羞辱，是丢脸”"
		},
		{
			"id": 303,
			"answer": "C",
			"explain": "本题中，persistence的意思是“坚持，持续”。四个选项中，perseverance的意思是“坚持不懈，不屈不挠”，如:By perseverance the lame boy learned to swim. (靠毅力这跛童学会了游泳)。permanence的意思是“永久，持久，指时间上的长久性”;proliferation的意思是“增殖”;predominance的意思是“优势”。"
		},
		{
			"id": 304,
			"answer": "B",
			"explain": "本题中，supposition的意思是“假定，推测”。四个选项中，surmise的意思是“猜度，如:We surmised that the delay was caused by some accident(我们推测迟延是由某种事故所致)。suspect的意思是“嫌疑犯”;suspicion的意思是“猜疑，怀疑”;surrender的意思是“放弃，投降”。"
		},
		{
			"id": 305,
			"answer": "A",
			"explain": "本题中，principal意思是“首要的，主要的”。四个选项中，primary和prime都有“主要的，最重要的”意思，但prime主要用来修饰比较具体的名词，如a prime example, the prime suspect。而primary则主要用来修饰比较抽象的名词，如primary concern primary responsibility。privileged意思是“有特权的”;precedent意思是“先例”，是一个名词。"
		},
		{
			"id": 306,
			"answer": "C",
			"explain": "本题中，integrate意思是“使完整，使成一体\"。四个选项中，coordinate意思是“使协调，调整\"，如:Our efforts need to be further coordinated for higher efficiency(为了获得更高的效率我们的工作需要进一步协调)。organize意思是“组织，安排”; correspond意思是“符合，通信\";respond意思是“回答，响应\"。"
		},
		{
			"id": 307,
			"answer": "D",
			"explain": "本题中，replicate意思是“复制”。四个选项中，duplicate意思是“复写，复制”，如:He duplicated his former mistakes.(他又犯了和以前一样的错误)。produce意思是“生产，制造”;manufacture意思是“加工，制造”;dramatize意思是“改编成戏剧”。"
		},
		{
			"id": 308,
			"answer": "C",
			"explain": "本题中，acknowledge意思是“承认，公认”。四个选项中，affirm意思是“确认，肯定\"，如:He affirmed his love for her(他肯定他爱她)。address意思是“向·…·…致辞，演说”;declare意思是“断言，宣布”;perceive意思是“察觉”。"
		},
		{
			"id": 309,
			"answer": "D",
			"explain": "本题中，damage意思是“破坏，损坏\"。四个选项中，undermine意思是“破坏”。如:undermine sb.'s reputation(暗中破坏某人的名誉)。underlain(underlie的过去分词形式)意思是“位于……之下，成为……基础”;underline意思是“在……下划线，强调”:undertake意思是“从事”。"
		},
		{
			"id": 310,
			"answer": "A",
			"explain": "本题中，disappointment意思是“失望”。四个选项中，frustration意思是“挫折，挫败”如:frustration of our design(我们计划的失败)。illustration意思是“说明，例证”;capitulation意思是“投降，投降条约”;clarification意思是“澄清，净化”"
		},
		{
			"id": 311,
			"answer": "A",
			"explain": "本题中，shift意思是“变化，转移”。四个选项中，transition意思是“转变，跃迁，过渡”，如:the frequent transition of weather(天气的变化无常)。transmission意思是“播送，发射”;transaction意思是“交易，处理”;transference意思是“移动，转送”。"
		},
		{
			"id": 312,
			"answer": "B",
			"explain": "本题中，manifest的意思是“显然的，明白的”。四个选项中，demonstrated的意思是“明显的”;determined的意思是“坚决的，决定了的”;administrated的意思是“被管理的，支配的”;distinguished的意思是“卓著的，著名的，高贵的”。"
		},
		{
			"id": 313,
			"answer": "A",
			"explain": "suggestive的意思是“暗示的，引起联想的”。四个选项中，reminiscent(与of连用)的意思是“使人联想的”，如:an evening reminiscent of happier times.(令人回想幸福时光的傍晚)。collective的意思是“集体的”;forgettable的意思是“容易被忘的”; advisable的意思是“建议的”。"
		},
		{
			"id": 314,
			"answer": "D",
			"explain": "本题中，deduce的意思是“推断，推论”。四个选项中，infer的意思是“推断”，如:I infer from your letter that you have not made up your mind yet(我从你信中推想，你还没有下决心)。confer的意思是“授予，赠与”:refer的意思是“谈及，归诸于”;prefer的意思是“更喜欢，宁愿”。"
		},
		{
			"id": 315,
			"answer": "A",
			"explain": "本题中，obstacle的意思是“障碍，妨害物”。四个选项中，barrier的意思是“障碍”，如:The police put a barrier across the road(警察设了路障)。excess的意思是“过度，超过”;carrier的意思是“运送者，搬运器”;impulse的意思是“推动，刺激”。"
		},
		{
			"id": 316,
			"answer": "B",
			"explain": "本题中，extension的意思是“延长，扩展”。四个选项中，supplement的意思是“补充，附录”，如:supplement one's ordinary income by writing books(著书以增加正常的收入)。compliment的意思是“称赞，问候”;instrument的意思是“工具，手段”;replacement的意思是“归还，复位”。"
		},
		{
			"id": 317,
			"answer": "C",
			"explain": "本题中，supervise的意思是“监督，管理，指导”。四个选项中，monitor的意思是“监控”，如:a television wave for mmonitor(电视波形监视器)。observe的意思是“观察，遵守”;preserve的意思是“保护，保持”;nurture的意思是“养育，教养”。"
		},
		{
			"id": 318,
			"answer": "D",
			"explain": "本题中，turn upside down的意思是“倒转，翻过来”。四个选项中，reverse的意思是“使某物反转，将某物翻转”。如:She reversed the paper(她把纸翻过来)。converse的意思是“谈话，交谈”;inverse只能用作形容词和名词，没有动词用法;traverse的意思是“横过，穿过”。"
		},
		{
			"id": 319,
			"answer": "B",
			"explain": "本题中，decay的意思是“腐烂，衰退”。四个选项中，disintegrate的意思是“(使)分解，(使)碎裂”，如:The extracted case was so old it just disintegrated when a worker picked it up. (这个挖掘出来的箱子已很破旧，一个工人一提起来就散开了)。inaugurate的意思是“举行就职典礼”;accelerate的意思是“加速，促进”; disseminate的意思是“散布”。"
		},
		{
			"id": 320,
			"answer": "C",
			"explain": "本题中，contradiction意思是“矛盾”。四个选项中，paradox意思是“似非而是的观点，自相矛盾的话\"，如:the paradox that standing is more tiring than walking(站着比走路还累这一似非而是的说法)。pageant意思是“盛会，庆典”;patronage意思是“保护，赞助”;pendulum意思是“钟摆”。"
		},
		{
			"id": 321,
			"answer": "B",
			"explain": "本题中，loss的意思是“损失”。四个选项中，sacrifice的意思是“牺牲，损失”，如:sell sth.at a sacrifice(亏本出售某物)。expense的意思是“费用，开支”;damage的意思是“损害，伤害”;incentive的意思是“刺激，激励”。"
		},
		{
			"id": 322,
			"answer": "D",
			"explain": "本题中，flexible的意思是“柔韧的，灵活的”。四个选项中，mobile的意思是“可移动的，机动的”，如:The mobile medical team will soon be here(巡回医疗队不久就要到这儿来)。portable的意思是“轻便的，手提的”;valiant的意思是“勇敢的，英勇的”:trivial的意思是“琐细的，微不足道的\""
		},
		{
			"id": 323,
			"answer": "A",
			"explain": "本题中，dynamism的意思是“精力，活力，干劲”。四个选项中，energy的意思是“精力，活力”，如:Young people usually have more energy than the old(年轻人通常比老年人有活力)。endurance的意思是“忍耐力，持久力”;effort的意思是“努力”;endeavor的意思是“努力，尽力”。"
		},
		{
			"id": 324,
			"answer": "A",
			"explain": "本题中，static的意思是“静态的”。四个选项中，stationary的意思是“固定的”，如:Wait until the bus is stationary before you get off(你要等公共汽车停稳了再下车)。statutory的意思是“法令的，法定的”:stationery的意思是“文具，信纸”:statuesque的意思是“雕像般的，高挑优美的”。"
		},
		{
			"id": 325,
			"answer": "C",
			"explain": "本题中，ominous的意思是“不吉利的”。C项的“threatening凶兆的\"符合题意。其他三项“promising有希望的:overwhelming势不可挡的:astonishing令人吃惊的”都不正确。"
		},
		{
			"id": 326,
			"answer": "B",
			"explain": "本题中，indicted for的意思是“被起诉”。B项的“accused of被控告”符合题意，如:The police accused him of stealing. (警方控告他犯有盗窃罪)。其他三项“condemned for被责难:disciplined for被训练:disapproved of不赞成\"都不正确。"
		},
		{
			"id": 327,
			"answer": "A",
			"explain": "本题中，palatable的意思是“美味的”。A项的“tasty美味的”符合题意。其他三项“stylish时髦的:delicate精致的:notable著名的\"都不正确。"
		},
		{
			"id": 328,
			"answer": "A",
			"explain": "本题中，monumental的意思是“纪念碑的，不朽的，重大的”。四个选项中，impressive的意思是“给人印象深刻的”，如:an impressive Olympic Games(给人深刻印象的奥林匹克运动会)。expressive的意思是“表现的，表达的”;progressive的意思是“前进的”;possessive的意思是“占有欲强的，物主的”。"
		},
		{
			"id": 329,
			"answer": "A",
			"explain": "本题中，opted for的意思是“选择”。A项的“chose选择”符合题意。其他三项“constructed建造;conceived构思;conserved保存”都不正确。"
		},
		{
			"id": 330,
			"answer": "D",
			"explain": "本题中，harassed的意思是“使厌烦”。D项的“annoyed使苦恼”符合题意，如:I was annoyed by his bad manners.(他的无礼使我恼怒)。其他三项“opposed反对; exploited开发:despised轻视”都不正确。"
		},
		{
			"id": 331,
			"answer": "B",
			"explain": "本题中，hygiene的意思是“卫生”。B项的“sanitation卫生”符合题意。其他三项“nutrition营养学;nursery拖儿所;welfare社会福利”都不正确。"
		},
		{
			"id": 332,
			"answer": "C",
			"explain": "本题中，illustrious的意思是“杰出的”C项的“distinguished杰出的”符合题意。如:The Chinese nation is distinguished for its diligence and courage(中华民族以勤劳勇敢著称)。其他三项“imaginative虚构的;sensitive敏感的;persistent持久的”都不正确。"
		},
		{
			"id": 333,
			"answer": "B",
			"explain": "本题中，jeopardize的意思是“危害”。B项的“endanger危害\"符合题意，如:The polluted air in the city is badly endangering the health of the residents.(城里被污染的空气正严重地危及居民的健康)。其他三项“evade逃避;exclude排除;enhance提高”都不正确。"
		},
		{
			"id": 334,
			"answer": "D",
			"explain": "本题中，scrutiny的意思是“详细审查”。D项的“examination审查”符合题意，如:My suit cases were examined at the Customs when I entered the country.(入境时，我的提包在海关受到了检查)。其他三项“analysis分析;recognition识别;evaluation评估\"都不正确。"
		},
		{
			"id": 335,
			"answer": "C",
			"explain": "本题中，gauge的意思是“测量”。C项的“measure测量”符合题意，如:Mother measured me to see what size of dress I should have(母亲给我量尺寸，好知道我该穿多大号的衣服)。其他三项“discern目睹:grasp抓住;estimate估计\"都不正确。"
		},
		{
			"id": 336,
			"answer": "D",
			"explain": "本题中，auspices的意思是“主办，支持”。D项的“sponsorship主办，支持”符合题意。其他三项“supervision监督:orientation指导;regulation管理”都不正确。"
		},
		{
			"id": 337,
			"answer": "B",
			"explain": "题干中的diagnose意为“诊断”。A项“控制”;B项“查明,确定”; C项“阻止”;D项“款待”。"
		},
		{
			"id": 338,
			"answer": "D",
			"explain": "题干中的fabricate意为“捏造，伪造”。A项“修理”;B项“拿起”; C项“打包”;D项“编造”。"
		},
		{
			"id": 339,
			"answer": "B",
			"explain": "题干中的gorgeous意为“美丽的，豪华的，灿烂的”。A项“金黄色的”; B项“美丽的”; C项“温暖的”;D项“光亮的”。"
		},
		{
			"id": 340,
			"answer": "D",
			"explain": "题干中的work out意为“理解，明白”。A项“折叠”; B项“造成”; C项“提出”; D项“弄明白，搞清楚\"。"
		},
		{
			"id": 341,
			"answer": "C",
			"explain": "题干中的flexible意为“灵活的，有弹性的”。A项“宽松的”; B项“有效的，起作用的”; C项“有弹力的，灵活的”; D项“资源丰富的，富于机智的”。"
		},
		{
			"id": 342,
			"answer": "B",
			"explain": "题干中的privilege意为“特权”。A项“基金，补助金”; B项“权利”; C项“有利条件，益处”; D项“兴趣，利益”。"
		},
		{
			"id": 343,
			"answer": "A",
			"explain": "题干中的go for意为“主张，拥护”。A项“支持”; B项“采取”; C项“阻止”; D项“攻击”。"
		},
		{
			"id": 344,
			"answer": "C",
			"explain": "题干中的allow for意为“虑及，体谅”。A项“解释”;B项“拒绝”; C项“考虑”; D项“认识”。"
		},
		{
			"id": 345,
			"answer": "A",
			"explain": "题干中的highlight意为“加亮区，精彩场面，最显著(重要)部分”。A项“顶点，极点，高潮”; B项“愉快，令人高兴的事”; C项“期待，预期”。"
		},
		{
			"id": 346,
			"answer": "A",
			"explain": "题干中的overlook意为“忽视”。A项“忽视”;B项“预见”;C项“勘察”;D项“评定”。"
		},
		{
			"id": 347,
			"answer": "D",
			"explain": "题干中的be obliged意为“有义务做某事”。A项“使想起”;B项“预料”:C项“被迫”;D项“有义务”。"
		},
		{
			"id": 348,
			"answer": "A",
			"explain": "题干中的originality意为“独创性”。A项“创造性”;B项“流行”;C项“可行性”;D项“灵活性”。"
		},
		{
			"id": 349,
			"answer": "D",
			"explain": "题干中的deliberate意为“蓄意的”。A项“神志清醒的”;B项“铤而走险的”;C项“笨拙的”:D项“有意的”。"
		},
		{
			"id": 350,
			"answer": "B",
			"explain": "题干中的scarcely意为“几平不”。A项“只是”:B项“几乎不”; C项“差一点”;D项“明确地”。"
		},
		{
			"id": 351,
			"answer": "B",
			"explain": "题干中的trap意为“困住”。A项“约束”;B项“抓住”;C项“隐藏”;D项“专心于”。"
		},
		{
			"id": 352,
			"answer": "C",
			"explain": "题干中的in effect意为“事实上”。A项“简而言之”; B项“尤其，特别”; C项“事实上，实际上”; D项“相应的，转而”。"
		},
		{
			"id": 353,
			"answer": "D",
			"explain": "题干中的in the neighborhood of意为“大约”。A项precisely “精确地”;B项merely “只不过”:C项substantially “本质上”:D项approximately “大约”。"
		},
		{
			"id": 354,
			"answer": "C",
			"explain": "题干中的obstacle意为“妨碍”。A项factor “要素”;B项constituent “成分”;C项hindrance “障碍”;D项break “裂口”。"
		},
		{
			"id": 355,
			"answer": "A",
			"explain": "题干中的lean on意为“靠在……上”。A项count on “依靠”;B项benefit from “通过……获益”。C项fight for“为……而奋斗”:D项stick to “遵守，坚持”。"
		},
		{
			"id": 356,
			"answer": "C",
			"explain": "本题的四个选项都是动词。C项exceeds的意思是“超越，胜过”，与“surpass超越，胜过”的意思相吻合。A项ameliorate “改善”。B项precedes “在……之前” 。D项imposes “征税，强加”都与题干中的词义不符。"
		},
		{
			"id": 357,
			"answer": "D",
			"explain": "本题的四个选项都是形容词。D项troublesome的意思是“令人烦恼的”与“disturbing使人苦恼的”意思相吻合。A项offensive “讨厌的，无礼的”、B项depressive “郁闷的”、C项tiresome “令人厌倦的”都与题干中的词义不符。"
		},
		{
			"id": 358,
			"answer": "D",
			"explain": "本题的四个选项都是副词。D项knowingly的意思是“故意地”，与“purposefully有目的地，蓄意地”意思相吻合。A项desperately“拼命地，失望地”、B项definitely“明确地”、C项decisively“决然地，果断地”都与题干中的词义不符。"
		},
		{
			"id": 359,
			"answer": "A",
			"explain": "本题的四个选项都是动词短语。A项的意思是“开始工作”，与“get down to business着手干正事”意思相吻合。B项make a deal “成交;达成协议;做个交易”C项reach an agreement  “达成协议”和D项change our plan“改变计划”都与题干中的词义不符。"
		},
		{
			"id": 360,
			"answer": "A",
			"explain": "题干中的poisonous意为“有毒的”。A项noxious“有毒、有害的”;B项precarious “不稳固的，危险的”;C项hazardous “危险的”;D项perilous“危险的”。只有A项更符合题意。"
		},
		{
			"id": 361,
			"answer": "C",
			"explain": "本题的四个选项都是名词。C项的意思是“复苏，重演”，与“resurgence复兴”意思相吻合。A项“倒退，退化”、B项“衰退”和D项“翻新”都与题干中的词义不符。"
		},
		{
			"id": 362,
			"answer": "B",
			"explain": "本题的四个选项都是名词。B项的意思是“解释”，与“interpretation解释”的意思相吻合。A项“估价，评价”、C项“recognition赞誉，承认”和D项“中断，打断”都与题干中的词义不符。"
		},
		{
			"id": 363,
			"answer": "D",
			"explain": "本题的四个选项都是名词。D项的意思是“义务，职责”，与“commitment (a thing that you have promised or agreed to do, or that you have to do已承诺（或同意）的事；不得不做的事)”的意思相吻合。A项“约会，指定”、B项“排列，安排”、C项“奉献;信仰”都与题干中的词义不符。"
		},
		{
			"id": 364,
			"answer": "B",
			"explain": "本题的四个选项都是介词短语。B项的意思是“在危险中”，与“at stake危险”的意思相吻合。A项“毫无疑问”、C项“警惕，防范”D项“详尽地，普遍地:未被捕获的\"都与题干中的词义不符。"
		},
		{
			"id": 365,
			"answer": "B",
			"explain": "本题的四个选项都是介词短语。B项的意思是“与……相反的”，与“as opposed to完全不同，反对\"的意思相吻合。A项“关于，至于”、C项“依据，按照”、D项“按照，根据”都与题干中的词义不符。"
		},
		{
			"id": 366,
			"answer": "A",
			"explain": "A项的意思是“合理的，适中的”与“moderate”“适中的，适度的”意思相吻合。B项“激烈地，猛烈地”，C项“立刻，马上地”，D项“最少量”。"
		},
		{
			"id": 367,
			"answer": "C",
			"explain": "C项的意思是“可供选择的事物”与“option”“选择”的意思相吻合。A项解决;B项政策、规定:D项理由，原因。"
		},
		{
			"id": 368,
			"answer": "C",
			"explain": "本题的四个选项都是动词。C项的意思是“使变成”，与“convert使转变”的意思相吻合。A项“改变”、B项“发达，发扬”和D项“更改”都与题干中的词义不符。"
		},
		{
			"id": 369,
			"answer": "D",
			"explain": "D项的意思是“认真地”与“earnestly”的意思相吻合，A项“小心地”;B项“严重地”;D项“精确地”"
		},
		{
			"id": 370,
			"answer": "A",
			"explain": "A项的意思是“观点”与“outlook”“看法”的意思相吻合，B项“职业”;C项“前途，景色”;D项“喜欢，喜爱”。"
		},
		{
			"id": 371,
			"answer": "A",
			"explain": "A项的意思是“掉下，倒下”，与“collapse”塌陷的意思相近，B项“病倒”; C项“吵闹，争吵”;D项“落后”。"
		},
		{
			"id": 372,
			"answer": "B",
			"explain": "B项的意思是“处于危险境地，使处于危险”，而“jeopardize”表示“害处，危害，危险”，故选B。A项“有利，益于”;C项“阻碍，阻饶”;D项“打搅”。"
		},
		{
			"id": 373,
			"answer": "C",
			"explain": "C项的意思是“惊人的，巨大的”，而incredible表示“难以置信的，极好的”，二者意思相近，A项“不合情理的，悖于情理的”;B项“牵强的”;D项“不能预见的”。"
		},
		{
			"id": 374,
			"answer": "A",
			"explain": "A项的意思是“泄露秘密”与“giveaway”意思一致。B项“处理，布置”;C项“提醒”；D项“分发，分配。”"
		},
		{
			"id": 375,
			"answer": "A",
			"explain": "A项的意思是“辞职”与“step down”在本句表示的“离职”意思相近。B项“移动，搬走”;C项“退休”;D项“代替”。"
		},
		{
			"id": 376,
			"answer": "B",
			"explain": "B 项的意思是“拖延，推迟”，该句表达的是政府有关加薪的承诺正在受到阻碍，也就是推迟了，与B项的意思相符合。A项“解雇”;C项“忽略，不管”;D项“拒绝”。"
		},
		{
			"id": 377,
			"answer": "C",
			"explain": "句意:到1929年，即有声电影出现两年后，美国动画影院就每周吸引1000万观众。patron 赞助人，顾客。customer 消费者，顾客。spy间谍，特务。proponent建设者，支持者。puppet 木偶，傀儡。"
		},
		{
			"id": 378,
			"answer": "A",
			"explain": "句意:下坡的倾斜程度取决于沉积物的组成成分和冲刷它的表面的海浪的作用。deposit沉淀物。sediment与之同义。segment片断，部分。sentiment感情，情操。semester 学期，半年。"
		},
		{
			"id": 379,
			"answer": "A",
			"explain": "各项的意思是:extra charge额外费用;extra tip额外小费;extra price额外价格;extra bonus额外奖金。划线单词premium的意思是:额外费用。句意是:你必须为特快专递支付额外费用。"
		},
		{
			"id": 380,
			"answer": "D",
			"explain": "各项的意思是:arrange安排，排列;manage管理，支配;last安然度过;stay暂住，生活。划线单词put up的意思是:生活。句意是:带着这些财产无论到哪里，他都可以轻松地生活一个月或一年，像一天一样。"
		},
		{
			"id": 381,
			"answer": "A",
			"explain": "各项的意思是:carefully仔细地，小心地;deliberately故意地;nervously紧张地，不安地;bravely勇敢地，无畏地。划线单词cautiously的意思是:小心地，慎重地。句意是:当看到门口的那条凶恶的狗时，推销员小心地靠近这所房子。"
		},
		{
			"id": 382,
			"answer": "C",
			"explain": "各项的意思是:produce生产，制造;reserve储存，储备;exploit开发，开采:search搜寻，探究。划线单词tap的意思是:开发。句意是:一项新的科学方法可能用来直接开发这个丰富的储备。"
		},
		{
			"id": 383,
			"answer": "A",
			"explain": "各项的意思是:forbid不许，禁止;eliminate消除，排除;promote促进，提升;protect保护，保卫。划线单词bans的意思是:禁止。句意是:几年前签订的一份国际公约禁止进行濒危动植物物种的贸易。"
		},
		{
			"id": 384,
			"answer": "C",
			"explain": "各项的意思是:complaint抱怨，诉苦; acrimony尖刻;dither犹豫不决; adulation吹捧，谄媚。划线单词hesitation的意思是:犹豫，踌躇。句意是:勇敢的人思维敏捷，行动毫不犹豫。"
		},
		{
			"id": 385,
			"answer": "D",
			"explain": "各项的意思是: refuse拒绝;put up with忍受，容忍;hate讨厌; blank毫不理睬。划线单词cold-shoulder的意思是:不理睬，不（某人）冷淡。句意是: 甚至她自己党派的人都觉得她脾气暴躁爱唠叨，在过道里对她很冷淡。"
		},
		{
			"id": 386,
			"answer": "A",
			"explain": "各项的意思是:different不同的;distinctive与众不同的，有特色的;distinguished杰出的;separated分隔的，分离的。划线单词diverse的意思是:不同的，变化多的。句意是:现在，为了愿望、事业、学业，不同背景的人飞去了遥远的地方。"
		},
		{
			"id": 387,
			"answer": "A",
			"explain": "各项的意思是:motive动机，目的:initiative主动; excitement刺激，兴奋;entertainment款待，娱乐表演。划线单词incentive的意思是:动机。句意是:玩这个游戏的更大乐趣是动机而不是奖赏。"
		},
		{
			"id": 388,
			"answer": "B",
			"explain": "各项的意思是:definite明确的，一定的;knowing故意的，明知的;delicate精巧的，精致的; interactive交互的，相互作用的。划线单词deliberate的意思是:深思熟虑的，故意的。句意是:有时，信息通过有意图的手势传递:其他的时候，我们的身体在不知不觉中传递信息。"
		},
		{
			"id": 389,
			"answer": "C",
			"explain": "各项的意思是:划线单词exterminated的意思是:消除，消灭。wound表示创伤，伤口;reduce减少，缩小;kill杀死，毁掉;trap圈套，陷阱。句意是:当农民消灭了许多小型动物时，猎人几乎已经消灭了许多大型动物。"
		},
		{
			"id": 390,
			"answer": "D",
			"explain": "各项的意思是:anxious担忧的，渴望的;curious好奇的，求知的;opposed反对的，敌对的;indisposed to do sth不愿意（做某事），勉强的。划线单词reluctant的意思是:勉强的，不情愿的。句意是: 今天，南非的黑人儿童仍然不愿意学习他们被长期禁止学习的科目。"
		},
		{
			"id": 391,
			"answer": "B",
			"explain": "各项的意思是:划线单词initiates的意思是:发起，发动。hasten催促，赶紧; trigger发动，引发; devise设计，发明; release释放，发行。句意是:如果猫离鸟巢太近，反舌鸟就会发起一连串行动来保卫幼鸟。"
		},
		{
			"id": 392,
			"answer": "A",
			"explain": "各项的意思是:calm平静的，镇静的;upset不适的，心烦的;steady稳固的，坚实的; severe严厉的，严格的。划线单词tranquil的意思是:平静。句意是:当某些事情突然改变你的生活时，你很难保持平静。"
		},
		{
			"id": 393,
			"answer": "A",
			"explain": "各项的意思是:ideal理想的，完美的;required必须的;optional可选择的，随意的;standard标准的，权威。划线单词optimal的意思是:最佳的，最理想的。句意是:照明水平被小心地控制在最适合阅读的可接受的水平内。"
		},
		{
			"id": 394,
			"answer": "C",
			"explain": "各项的意思是:transient短暂的，瞬间的;starving饿死的;continuous持续的，反复的;serial排成系列的，连载的。划线单词chronic的意思是:慢性的，延续很长的。句意是:很多观察家坚信，如果食物长期短缺问题不能解决，那么国家将持续处于混乱状态。"
		},
		{
			"id": 395,
			"answer": "D",
			"explain": "各项的意思是:establish建立，设置;maximize使……最大值，最佳化:guarantee保证，担保; ameliorate改善，促进。划线单词facilitate的意思是:促进，推动。句意是:这次展览的目的在于推动中国与国外的电视产业之间的进一步合作。"
		},
		{
			"id": 396,
			"answer": "A",
			"explain": "各项的意思是:practical实用的，实际的;relevant有关的，相应的;convenient方便的，便利的;comparable可比较的，比得上的。划线单词applicable的意思是:可适用的，可应用的。句意是:近期的结论也适用于工程设计的其他领域。"
		},
		{
			"id": 397,
			"answer": "C",
			"explain": "各项的意思是:diminish使减少，使变小;shrink收缩，缩短;vanish消失，突然不见;worsen变得更坏，恶化。划线单词terminated的意思是:停止，结束。句意是:这两个部落之间近百年的敌意终于在当地政府坚持不懈的努力下化解了。"
		},
		{
			"id": 398,
			"answer": "D",
			"explain": "各项的意思是:strategy策略，战略;standpoint立场，观点;priority优先，优先权;promise允诺，答应。划线单词pledge的意思是:誓言，承诺。句意是:本着保持和发展良好关系的承诺，两国领导人正在筹划他们的峰会。"
		},
		{
			"id": 399,
			"answer": "D",
			"explain": "各项的意思是:划线单词accomplish的意思是:实现，完成。implement贯彻，实行:render给予，补偿;assign分配，指派;complete完成，使完善。句意是:计算机将会蓬勃发展的，因为计算机能够使我们完成以前从未完成的工作。"
		},
		{
			"id": 400,
			"answer": "C",
			"explain": "各项的意思是:tension紧张，不安;excitement刺激，兴奋;alarm惊恐，恐慌;nervousness 神经紧张，不安。划线单词Panic的意思是:惊慌，恐慌。句意是:当一只大鲨鱼逼近游泳池时，恐慌席卷了游泳的人们。"
		},
		{
			"id": 401,
			"answer": "B",
			"explain": "各项的意思是:crisis紧要关头，危险期;trepidation恐吓，不安;hazard冒险，危险;peril危险。划线单词panic的意思是:恐慌，惊慌。句意是:农业部长们计划在卢森堡召开一个紧急会议，希望减轻世界范围内对疯牛病的恐慌。"
		},
		{
			"id": 402,
			"answer": "A",
			"explain": "各项的意思是: sanguineness乐观，确信;motivation动机，动力;imagination想象，想象力;resolution决心，坚定。划线单词optimism的意思是:乐观，乐观主义。句意是:那个年轻人告诉他的父母不要担心，因为他对事业充满希望。"
		},
		{
			"id": 403,
			"answer": "C",
			"explain": "各项的意思是:storage存储，储藏(量);impression印象，感想;memory记忆，回忆;perception理解，感知。划线单词awareness的意思是:知道，晓得。句意是:一个人知晓过去所发生的事情，那些事将有意无意地对他的行为产生很大的影响。这里对过去所发生的事的知晓可以看作是一种记忆，故选C。"
		},
		{
			"id": 404,
			"answer": "C",
			"explain": "各项的意思是:explore探测，探究;obtain获得，得到;verify检验，查证:search搜索，调查。划线单词ascertain的意思是;确定，探知。句意是:听到这个案子一段时间之后，Conan Doyle确信这个男人是无罪的，便立即着手调查真相。"
		},
		{
			"id": 405,
			"answer": "A",
			"explain": "各项的意思是:划线单词zealous的意思是:热心的。enthusiastic热情的，热心的;concerted商定的，协定的;gigantic巨大的;dedicated专注的，献身的。句意是为了开圣诞聚会，该部门的全体工作人员都热心努力地打扫大厅。"
		},
		{
			"id": 406,
			"answer": "A",
			"explain": "各项的意思是:plentiful丰富的，富产的，sufficient足够的，充足的，adequate足够的，适当的，countable可数的。句意是:基因遗传工程的应用软件非常丰富，在这种情形下选择一个适当的软件是很困难的。在这里，abundant的意思是“丰富的。充裕的”。只有A选项内容与之符合。"
		},
		{
			"id": 407,
			"answer": "B",
			"explain": "各项的意思是:prepared准备，promised承诺，disposed有意于，愿意，delivered在……交货，包括运费在内的。句意是:新当选的总统已承诺给汽车业1300万美元以确保其生存。在这里，pledge的意思是“保证，发誓”。"
		},
		{
			"id": 408,
			"answer": "C",
			"explain": "各项的意思是:fulfill履行，实现;approve批准，通过;conceive设想，构思;conduct传导，传导。划线单词formulate的意思是:用公式表示，明确的表达。句意是:赫尔曼的成功应归于他的努力工作，以及能够使工作有效完成的制作计划的能力。"
		},
		{
			"id": 409,
			"answer": "B",
			"explain": "各项的意思是:catch up with追上，赶上，make use of利用，cast light on使显得非常清楚，get rid of除掉，去掉。句意是:业余工作时间的增长和灵活的工作模式可以让更多的妇女能够利用就业机会。在这里，take advantage of的意思是“利用”。"
		},
		{
			"id": 410,
			"answer": "D",
			"explain": "各项的意思是:impressed给……以深刻印象，使铭记，amused使人发笑，逗乐，puzzled使迷惑，使难解，attached吸引。句意是:没有人能够不被这部科幻小说的世界所深深吸引。在这里，fascinate的意思是“迷住:强烈地吸引住”只有D项内容与之符合，所以，答案为D。"
		},
		{
			"id": 411,
			"answer": "C",
			"explain": "各项的意思是:reclaimed开垦，开拓;proposed提出建议;canceled取消;注销;indulged迁就，纵容。句意是:参议员詹姆斯·米克斯已取消为抗议伊利诺伊州教育经费制度抵制二有组织的抵制芝加哥公立学校的运动。在这里，call off的意思是“停止;放弃”。"
		},
		{
			"id": 412,
			"answer": "A",
			"explain": "各项的意思是:attain实现，达成;gain获得，赢得;acquire获得，取得，学到;gather收集，聚集，搜集。句意是:这本新书侧重于实现和保持总的健康，人们需要的物质、社会和情感福祉的理念。在这里，achieve的意思是“实现;达成”。而attain常指经过努力获得，所以这题选择attain更为恰当。"
		},
		{
			"id": 413,
			"answer": "A",
			"explain": "in agreement with同意，与……一致;in cooperation with与……合作;in connection with与……有关，连同:in association with与……联合，与……有关联。"
		},
		{
			"id": 414,
			"answer": "D",
			"explain": "mild温柔的，温和的;chilly寒冷的，冷淡的;cloudy多云的，朦胧的; moist潮湿的，多雨的。"
		},
		{
			"id": 415,
			"answer": "C",
			"explain": "survive幸存，生还;breeze吹微风，逃走;bloom开花;revive使复活，使振奋。"
		},
		{
			"id": 416,
			"answer": "A",
			"explain": "各项的意思是:medium媒介物，媒质，place地方，resort求助(凭借)的对象，度假胜地，tunnel隧道。句意是:美国人意识到，联合国可以成为更大外交活动的渠道。在这里，channel的意思是“渠道，途径”。"
		}
	]
}