{
    "wdbt": "拖欠15位农民工工资70多万元",
    "xfmd": "申诉",
    "xfmddm": "02",
    "wtlb": "劳动和社会保障/工资福利/工资发放",
    "wtlbdm": "240502",
    "sfd": "山东省济南市商河县许商街道明辉居委会",
    "sfdxq": "明辉路7号",
    "sfddm": "370126001005",
    "wtfssj": "2020-06-10",
    "gkxx": "济南市长远房地产开发有限公司商河县状元府邸小区拖欠白召元等15名工人工资约70万元，\n请求领导帮助解决。\n",
    "sfyfhyjs": "0",
    "sfyjxzfy": "0",
    "sfyzcyj": "0",
    "fysfysl": "0",
    "tsjyjjbz": "0",
    "bfyrjbmc": "",
    "fjjson": [],
    "lmrjson": [
        {
            "xm": "李会永",
            "sfzh": "370126197803154834",
            "xzqhdm": "370126000000",
            "zz": "山东省济南市商河县许商街道"
        },
        {
            "xm": "白召元",
            "sfzh": "372429196803164234",
            "xzqhdm": "370126000000",
            "zz": "山东省济南市商河县许商街道"
        },
        {
            "xm": "赵加胜",
            "sfzh": "372429197003172433",
            "xzqhdm": "370126000000",
            "zz": "山东省济南市商河县许商街道"
        },
        {
            "xm": "刘燕",
            "sfzh": "372428197711226029",
            "xzqhdm": "370126000000",
            "zz": "山东省济南市商河县许商街道"
        },
        {
            "xm": "耿业山",
            "sfzh": "370983197905101814",
            "xzqhdm": "370126000000",
            "zz": "山东省济南市商河县许商街道"
        },
        {
            "xm": "王存周",
            "sfzh": "370126197803240812",
            "xzqhdm": "370126000000",
            "zz": "山东省济南市商河县许商街道"
        },
        {
            "xm": "赵云昌",
            "sfzh": "370125197703144915",
            "xzqhdm": "370126000000",
            "zz": "山东省济南市商河县许商街道"
        },
        {
            "xm": "刘长顺",
            "sfzh": "370126197402284232",
            "xzqhdm": "370126000000",
            "zz": "山东省济南市商河县许商街道"
        },
        {
            "xm": "李会振",
            "sfzh": "370126198007254812",
            "xzqhdm": "370126000000",
            "zz": "山东省济南市商河县许商街道"
        },
        {
            "xm": "王存龙",
            "sfzh": "370126197512110831",
            "xzqhdm": "370126000000",
            "zz": "山东省济南市商河县许商街道"
        },
        {
            "xm": "王丹",
            "sfzh": "231085198403071027",
            "xzqhdm": "370126000000",
            "zz": "山东省济南市商河县许商街道"
        },
        {
            "xm": "孙建祥",
            "sfzh": "370126197509021213",
            "xzqhdm": "370126000000",
            "zz": "山东省济南市商河县许商街道"
        },
        {
            "xm": "陈佃胜",
            "sfzh": "372429196503167118",
            "xzqhdm": "370126000000",
            "zz": "山东省济南市商河县许商街道"
        },
        {
            "xm": "张清杰",
            "sfzh": "370126198107264217",
            "xzqhdm": "370126000000",
            "zz": "山东省济南市商河县许商街道"
        },
        {
            "xm": "马学英",
            "sfzh": "370126197403128426",
            "xzqhdm": "370126000000",
            "zz": "山东省济南市商河县许商街道"
        }
    ],
    "nr": "事实和理由：\n 2020年6月份，李会永等15名工人在济南市长远房地产开发有限公司商河县状元府邸小区从事防盗门安装工作，至今仍欠我们工人工资约70万元，多次跑要，一直未给结清，无奈之下只能寻求政府部门帮助。\n 我们15人都是农民，家里有老人也有在外地上学需要按时转生活费的孩子；因完工后该单位长期拖欠工资，我们等人面临严重经济困难，甚至严重的工友无法养家糊口及供给孩子上学。\n 多次给他们打电话都被挂断，但是那人不知道这些被拖欠发的工资，几千块钱就是我们有的人家里将近一年的房租，是家里两个孩子一学期的开销，更何况欠我们的薪资是上万元。现在幸亏有幸得知领导留言板这个平台，希望发表之后有政府人员帮助我们解决这个问题，把拖欠的工资还给我们。\n 感谢各位领导！\n"
}