{
    "meituanRequest": [
        {
            "wmPoiId": 3223442,
            "productIdList": [
                1383687237
            ],
            "poiTagV1CateId": 0,
            "needDna": false,
            "dnaCodeFilters": null,
            "needSkuAttr": false,
            "userInfoParam": null,
            "bizType": null
        },
        {
            "wmPoiId": 3224178,
            "productIdList": [
                1383655979
            ],
            "poiTagV1CateId": 0,
            "needDna": false,
            "dnaCodeFilters": null,
            "needSkuAttr": false,
            "userInfoParam": null,
            "bizType": null
        },
        {
            "wmPoiId": 10296315,
            "productIdList": [
                3760035262
            ],
            "poiTagV1CateId": 0,
            "needDna": false,
            "dnaCodeFilters": null,
            "needSkuAttr": false,
            "userInfoParam": null,
            "bizType": null
        },
        {
            "wmPoiId": 7473594,
            "productIdList": [
                2238182899,
                1920015873
            ],
            "poiTagV1CateId": 0,
            "needDna": false,
            "dnaCodeFilters": null,
            "needSkuAttr": false,
            "userInfoParam": null,
            "bizType": null
        },
        {
            "wmPoiId": 3577116,
            "productIdList": [
                3726391136,
                3726574842,
                5302776270,
                6004720631,
                4115323000
            ],
            "poiTagV1CateId": 0,
            "needDna": false,
            "dnaCodeFilters": null,
            "needSkuAttr": false,
            "userInfoParam": null,
            "bizType": null
        },
        {
            "wmPoiId": 3577114,
            "productIdList": [
                3726659569,
                4115085089,
                3726584471,
                5302845907,
                6004842992
            ],
            "poiTagV1CateId": 0,
            "needDna": false,
            "dnaCodeFilters": null,
            "needSkuAttr": false,
            "userInfoParam": null,
            "bizType": null
        },
        {
            "wmPoiId": 8907284,
            "productIdList": [
                2759951320
            ],
            "poiTagV1CateId": 0,
            "needDna": false,
            "dnaCodeFilters": null,
            "needSkuAttr": false,
            "userInfoParam": null,
            "bizType": null
        },
        {
            "wmPoiId": 12872471,
            "productIdList": [
                6724665871
            ],
            "poiTagV1CateId": 0,
            "needDna": false,
            "dnaCodeFilters": null,
            "needSkuAttr": false,
            "userInfoParam": null,
            "bizType": null
        },
        {
            "wmPoiId": 8907283,
            "productIdList": [
                2754349733
            ],
            "poiTagV1CateId": 0,
            "needDna": false,
            "dnaCodeFilters": null,
            "needSkuAttr": false,
            "userInfoParam": null,
            "bizType": null
        },
        {
            "wmPoiId": 11743722,
            "productIdList": [
                5636764899,
                5636805949
            ],
            "poiTagV1CateId": 0,
            "needDna": false,
            "dnaCodeFilters": null,
            "needSkuAttr": false,
            "userInfoParam": null,
            "bizType": null
        },
        {
            "wmPoiId": 10827260,
            "productIdList": [
                5107158387
            ],
            "poiTagV1CateId": 0,
            "needDna": false,
            "dnaCodeFilters": null,
            "needSkuAttr": false,
            "userInfoParam": null,
            "bizType": null
        },
        {
            "wmPoiId": 12116515,
            "productIdList": [
                6989275353
            ],
            "poiTagV1CateId": 0,
            "needDna": false,
            "dnaCodeFilters": null,
            "needSkuAttr": false,
            "userInfoParam": null,
            "bizType": null
        },
        {
            "wmPoiId": 3222860,
            "productIdList": [
                1383680486
            ],
            "poiTagV1CateId": 0,
            "needDna": false,
            "dnaCodeFilters": null,
            "needSkuAttr": false,
            "userInfoParam": null,
            "bizType": null
        },
        {
            "wmPoiId": 8182497,
            "productIdList": [
                2221237193,
                6013865574,
                4161516420
            ],
            "poiTagV1CateId": 0,
            "needDna": false,
            "dnaCodeFilters": null,
            "needSkuAttr": false,
            "userInfoParam": null,
            "bizType": null
        },
        {
            "wmPoiId": 3222863,
            "productIdList": [
                1383601401,
                1794734611
            ],
            "poiTagV1CateId": 0,
            "needDna": false,
            "dnaCodeFilters": null,
            "needSkuAttr": false,
            "userInfoParam": null,
            "bizType": null
        },
        {
            "wmPoiId": 9860457,
            "productIdList": [
                3466411228,
                3466238946
            ],
            "poiTagV1CateId": 0,
            "needDna": false,
            "dnaCodeFilters": null,
            "needSkuAttr": false,
            "userInfoParam": null,
            "bizType": null
        }
    ]
}