{
	"queryCache": [{
		"value": "spu",
		"label": "spu"
	},{
		"value": "sku",
		"label": "sku"
	},{
		"value": "packageProductBySku",
		"label": "packageProductBySku"
	},{
		"value": "category",
		"label": "category"
	},{
		"value": "sale-city",
		"label": "saleCity"
	},{
		"value": "spu-desc",
		"label": "spuDesc"
	},{
		"value": "tag",
		"label": "tag"
	},{
		"value": "allTags",
		"label": "allTags"
	},{
		"value": "video",
		"label": "video"
	},{
		"value": "tag2spuIds",
		"label": "tag2spuIds"
	},{
		"value": "poi2spuIds",
		"label": "poi2spuIds"
	},{
		"value": "getSpSku",
		"label": "getSpSku"
	},{
		"value": "poiLabelCache",
		"label": "poiLabelCache"
	}],
	"refreshCache": [{
		"method": "refreshSpuAllByPoi",
		"label": "spu-allSpu",
		"tip": ""
	},{
		"method": "refreshSpuByPoi",
		"label": "spu-spu",
		"tip": ""
	},{
		"method": "refreshSkuByPoi",
		"label": "spu-sku",
		"tip": ""
	},{
		"method": "refreshSpuAttrByPoi",
		"label": "spu-spuAttr",
		"tip": ""
	},{
		"method": "refreshSkuAttrByPoi",
		"label": "spu-skuAttr",
		"tip": ""
	},{
		"method": "refreshSpuTagRelByPoi",
		"label": "spu-spuTagRel",
		"tip": ""
	},{
		"method": "refreshSpuLabelByPoi",
		"label": "spu-spuLabelRel",
		"tip": ""
	},{
		"method": "refreshSpuPicByPoi",
		"label": "spu-spuPic",
		"tip": ""
	},{
		"method": "refreshSpuExtendByPoi",
		"label": "spu-spuExtend",
		"tip": ""
	},{
		"method": "refreshSkuByPoi",
		"label": "sku-sku",
		"tip": ""
	},{
		"method": "updateTagInfoBySql",
		"label": "tag&allTags",
		"tip": ""
	},{
		"method": "refreshRelCacheByPoi",
		"label": "tag2spuIds&poi2spuIds",
		"tip": ""
	}]
}